epoch,loss
1,0.54986134
10,0.54473364
20,0.54326543
30,0.53664592
40,0.52228206
50,0.51698300
60,0.51398802
70,0.51867267
80,0.50967950
90,0.50814527
100,0.50517550
