rank,frame_id,score,label
0,20251112_191827_Cam6_00015,0.00831805,1
1,20251112_191827_Cam6_00006,0.00828106,0
2,20251112_191827_Cam6_00095,0.00766543,1
3,20251112_191827_Cam6_00019,0.00620697,0
4,20251112_191827_Cam6_00029,0.00584813,1
5,20251112_191827_Cam6_00026,0.00582861,1
6,20251112_191827_Cam6_00025,0.00576042,0
7,20251112_191827_Cam6_00022,0.00547211,0
8,20251112_191827_Cam6_00012,0.00497900,0
9,20251112_191827_Cam6_00014,0.00464803,0
10,20251112_191827_Cam6_00009,0.00464729,0
