rank,frame_id,score,label
0,20251112_191827_Cam6_00015,0.08112786,1
1,20251112_191827_Cam6_00026,0.04738156,1
2,20251112_191827_Cam6_00029,0.04348592,1
3,20251112_191827_Cam6_00095,0.04142641,1
4,20251112_191827_Cam6_00012,0.02951350,0
5,20251112_191827_Cam6_00006,0.01851262,0
6,20251112_191827_Cam6_00019,0.01706520,0
7,20251112_191827_Cam6_00014,0.00728262,0
8,20251112_191827_Cam6_00022,0.00695864,0
9,20251112_191827_Cam6_00025,0.00486885,0
10,20251112_191827_Cam6_00009,0.00295150,0
