rank,frame_id,score,label
0,20251112_191827_Cam6_00015,0.08593766,1
1,20251112_191827_Cam6_00029,0.04590373,1
2,20251112_191827_Cam6_00026,0.04541318,1
3,20251112_191827_Cam6_00095,0.04100794,1
4,20251112_191827_Cam6_00012,0.02898040,0
5,20251112_191827_Cam6_00019,0.01929133,0
6,20251112_191827_Cam6_00006,0.01884894,0
7,20251112_191827_Cam6_00014,0.00798817,0
8,20251112_191827_Cam6_00022,0.00641111,0
9,20251112_191827_Cam6_00025,0.00576992,0
10,20251112_191827_Cam6_00009,0.00520543,0
