group,scheme,score_source,scores_csv,n_images,n_normal,n_abnormal,threshold_r100,fp_r100,fpr_r100,precision_r100,fp_frames
cad_cross_task,cam1_baseline,fusion,results/cam4_cfca_repair_cross_camera_20260504_225252/cam1_baseline/scores_fusion.csv,21,10,11,0.01623831,10,1.0000,0.5238,20251210_185619_Cam1_00010 20251210_185619_Cam1_00025 20251210_185619_Cam1_00021 20251210_185619_Cam1_00038 20251210_185619_Cam1_00045 20251210_185619_Cam1_00015 20251210_185619_Cam1_00048 20251210_185619_Cam1_00013 20251210_185619_Cam1_00020 20251210_185619_Cam1_00018
cad_cross_task,cam1_with_cam4peft,fusion,results/cam4_cfca_repair_cross_camera_20260504_225252/cam1_with_cam4peft/scores_fusion.csv,21,10,11,0.01066733,10,1.0000,0.5238,20251210_185619_Cam1_00048 20251210_185619_Cam1_00021 20251210_185619_Cam1_00020 20251210_185619_Cam1_00013 20251210_185619_Cam1_00045 20251210_185619_Cam1_00015 20251210_185619_Cam1_00025 20251210_185619_Cam1_00010 20251210_185619_Cam1_00038 20251210_185619_Cam1_00018
cad_cross_task,cam5_baseline,fusion,results/cam4_cfca_repair_cross_camera_20260504_225252/cam5_baseline/scores_fusion.csv,14,7,7,0.02122044,6,0.8571,0.5385,20251112_191827_Cam5_00006 20251112_191827_Cam5_00033 20251112_191827_Cam5_00046 20251112_191827_Cam5_00022 20251112_191827_Cam5_00036 20251112_191827_Cam5_00012
cad_cross_task,cam5_with_cam4peft,fusion,results/cam4_cfca_repair_cross_camera_20260504_225252/cam5_with_cam4peft/scores_fusion.csv,14,7,7,0.01909966,3,0.4286,0.7000,20251112_191827_Cam5_00006 20251112_191827_Cam5_00033 20251112_191827_Cam5_00046
