group,scheme,score_source,scores_csv,n_images,n_normal,n_abnormal,threshold_r100,fp_r100,fpr_r100,precision_r100,fp_frames
trd_cam4_adaptation,baseline_trd,fusion,outputs/rail_peft/cam4_p1_20260501_225618/diagnostics/branch_auc/cam4_baseline/scores_fusion.csv,18,8,10,0.07840903,8,1.0000,0.5556,20250417_123456_Cam4_00079 20250417_123456_Cam4_00134 20250417_123456_Cam4_00152 20251210_185619_Cam4_00034 20251112_191827_Cam4_00034 20251112_191827_Cam4_00066 20251112_191827_Cam4_00063 20251210_185619_Cam4_00046
trd_cam4_adaptation,depth_affine_peft,fusion,outputs/rail_peft/cam4_p1_20260501_225618/diagnostics/branch_auc/cam4_with_cam4peft/scores_fusion.csv,18,8,10,0.00799355,7,0.8750,0.5882,20251112_191827_Cam4_00066 20251112_191827_Cam4_00063 20251112_191827_Cam4_00034 20251210_185619_Cam4_00046 20250417_123456_Cam4_00152 20251210_185619_Cam4_00034 20250417_123456_Cam4_00134
trd_cam4_adaptation,depth_affine_peft_cfca_repair,fusion,outputs/rail_ablation/cam4_cfca_repair/cf_ca/cam4_cf_ca_20260504_170923/final/eval/scores_fusion.csv,18,8,10,0.00716006,3,0.3750,0.7692,20250417_123456_Cam4_00152 20250417_123456_Cam4_00134 20251210_185619_Cam4_00034
