scheme,rgb_max_mean,rgb_max_median,depth_max_mean,depth_max_median,ratio_mean,ratio_median,ratio_p25,ratio_p75
cf_ca_repair_final,0.00599114,0.00386114,0.00600603,0.00103126,1.13109755,0.30521460,0.23255583,1.45881435
peft_full_then_cf_ca_final,0.01135473,0.00364326,0.00649931,0.00056386,1.23168213,0.19839588,0.13751752,1.46567654
