rank,score,label
0,0.135337,1
1,0.061708,1
2,0.034122,0
3,0.016899,1
4,0.015252,0
5,0.013669,0
6,0.010768,0
7,0.008894,0
8,0.008403,1
9,0.008296,0
10,0.008185,0
11,0.008074,1
