rank,frame_id,label,score
0,20250417_123456_Cam4_00140,1,0.00080918
1,20250417_123456_Cam4_00162,1,0.00080789
2,20250417_123456_Cam4_00079,0,0.00080458
3,20251112_191827_Cam4_00011,1,0.00080415
4,20250417_123456_Cam4_00134,0,0.00079621
5,20250417_123456_Cam4_00152,0,0.00077662
