run_type,fold,auroc,gain,bias,peft_ckpt,scores_csv,train_good,test_good
p1_reused_final,final,0.68750000,0.16735412,-0.09140857,outputs/rail_peft/cam4_p1_20260501_225618/final/final_peft_cam4.pth,,20250417_123456_Cam4_00079 20250417_123456_Cam4_00134 20250417_123456_Cam4_00152 20251112_191827_Cam4_00034 20251112_191827_Cam4_00063 20251112_191827_Cam4_00066 20251210_185619_Cam4_00034 20251210_185619_Cam4_00046,
