{
  "rows": [
    {
      "method": "padim",
      "view_id": 4,
      "image_auroc": 0.5555555555555556,
      "pixel_auroc": 0.8932389051501037,
      "image_auroc_rgb": 0.7777777777777778,
      "image_auroc_depth": 0.11111111111111112,
      "image_auroc_fusion": 0.5555555555555556,
      "pixel_auroc_rgb": 0.9714998971992087,
      "pixel_auroc_depth": 0.8022184166540071,
      "pixel_auroc_fusion": 0.8932389051501037,
      "score_source_selected": "fusion",
      "fusion_rule": "sum",
      "smoke": true,
      "train_images": 5,
      "val_images": 1,
      "test_images": 6,
      "result_json": "G:\\SteelRailWay\\$out\\baselines_rgbd_smoke\\cam4\\padim\\result.json"
    },
    {
      "method": "patchcore",
      "view_id": 4,
      "image_auroc": 0.888888888888889,
      "pixel_auroc": 0.947874447297168,
      "image_auroc_rgb": 1.0,
      "image_auroc_depth": 0.6666666666666667,
      "image_auroc_fusion": 0.888888888888889,
      "pixel_auroc_rgb": 0.9600900168638633,
      "pixel_auroc_depth": 0.7648900029952618,
      "pixel_auroc_fusion": 0.947874447297168,
      "score_source_selected": "fusion",
      "fusion_rule": "sum",
      "smoke": true,
      "train_images": 5,
      "val_images": 1,
      "test_images": 6,
      "result_json": "G:\\SteelRailWay\\$out\\baselines_rgbd_smoke\\cam4\\patchcore\\result.json"
    },
    {
      "method": "fastflow",
      "view_id": 4,
      "image_auroc": 0.3333333333333333,
      "pixel_auroc": 0.9268602586000819,
      "image_auroc_rgb": 0.888888888888889,
      "image_auroc_depth": 0.3333333333333333,
      "image_auroc_fusion": 0.3333333333333333,
      "pixel_auroc_rgb": 0.9484231540101334,
      "pixel_auroc_depth": 0.8629332184092804,
      "pixel_auroc_fusion": 0.9268602586000819,
      "score_source_selected": "fusion",
      "fusion_rule": "sum",
      "smoke": true,
      "train_images": 5,
      "val_images": 1,
      "test_images": 6,
      "result_json": "G:\\SteelRailWay\\$out\\baselines_rgbd_smoke\\cam4\\fastflow\\result.json"
    },
    {
      "method": "draem",
      "view_id": 4,
      "image_auroc": 0.5555555555555556,
      "pixel_auroc": 0.5289212741165368,
      "image_auroc_rgb": 1.0,
      "image_auroc_depth": 0.3333333333333333,
      "image_auroc_fusion": 0.5555555555555556,
      "pixel_auroc_rgb": 0.3497991932254485,
      "pixel_auroc_depth": 0.7456821593262394,
      "pixel_auroc_fusion": 0.5289212741165368,
      "score_source_selected": "fusion",
      "fusion_rule": "sum",
      "smoke": true,
      "train_images": 5,
      "val_images": 1,
      "test_images": 6,
      "result_json": "G:\\SteelRailWay\\$out\\baselines_rgbd_smoke\\cam4\\draem\\result.json"
    },
    {
      "method": "stfpm",
      "view_id": 4,
      "image_auroc": 0.3333333333333333,
      "pixel_auroc": 0.5762551183422845,
      "image_auroc_rgb": 0.7777777777777778,
      "image_auroc_depth": 0.0,
      "image_auroc_fusion": 0.3333333333333333,
      "pixel_auroc_rgb": 0.32428142694838563,
      "pixel_auroc_depth": 0.7060568312466146,
      "pixel_auroc_fusion": 0.5762551183422845,
      "score_source_selected": "fusion",
      "fusion_rule": "sum",
      "smoke": true,
      "train_images": 5,
      "val_images": 1,
      "test_images": 6,
      "result_json": "G:\\SteelRailWay\\$out\\baselines_rgbd_smoke\\cam4\\stfpm\\result.json"
    },
    {
      "method": "rd4ad_i",
      "view_id": 4,
      "image_auroc": 0.22222222222222224,
      "pixel_auroc": 0.5940283710192035,
      "image_auroc_rgb": 0.3333333333333333,
      "image_auroc_depth": 0.0,
      "image_auroc_fusion": 0.22222222222222224,
      "pixel_auroc_rgb": 0.32776306777619424,
      "pixel_auroc_depth": 0.7140503438990623,
      "pixel_auroc_fusion": 0.5940283710192035,
      "score_source_selected": "fusion",
      "fusion_rule": "sum",
      "smoke": true,
      "train_images": 5,
      "val_images": 1,
      "test_images": 6,
      "result_json": "G:\\SteelRailWay\\$out\\baselines_rgbd_smoke\\cam4\\rd4ad_i\\result.json"
    }
  ]
}