method,view_id,image_auroc,pixel_auroc,smoke,train_images,val_images,test_images,result_json,image_auroc_rgb,image_auroc_depth,image_auroc_fusion,pixel_auroc_rgb,pixel_auroc_depth,pixel_auroc_fusion,score_source_selected,fusion_rule
padim,4,0.5555555555555556,0.8932389051501037,True,5,1,6,G:\SteelRailWay\$out\baselines_rgbd_smoke\cam4\padim\result.json,0.7777777777777778,0.11111111111111112,0.5555555555555556,0.9714998971992087,0.8022184166540071,0.8932389051501037,fusion,sum
patchcore,4,0.888888888888889,0.947874447297168,True,5,1,6,G:\SteelRailWay\$out\baselines_rgbd_smoke\cam4\patchcore\result.json,1.0,0.6666666666666667,0.888888888888889,0.9600900168638633,0.7648900029952618,0.947874447297168,fusion,sum
fastflow,4,0.3333333333333333,0.9268602586000819,True,5,1,6,G:\SteelRailWay\$out\baselines_rgbd_smoke\cam4\fastflow\result.json,0.888888888888889,0.3333333333333333,0.3333333333333333,0.9484231540101334,0.8629332184092804,0.9268602586000819,fusion,sum
draem,4,0.5555555555555556,0.5289212741165368,True,5,1,6,G:\SteelRailWay\$out\baselines_rgbd_smoke\cam4\draem\result.json,1.0,0.3333333333333333,0.5555555555555556,0.3497991932254485,0.7456821593262394,0.5289212741165368,fusion,sum
stfpm,4,0.3333333333333333,0.5762551183422845,True,5,1,6,G:\SteelRailWay\$out\baselines_rgbd_smoke\cam4\stfpm\result.json,0.7777777777777778,0.0,0.3333333333333333,0.32428142694838563,0.7060568312466146,0.5762551183422845,fusion,sum
rd4ad_i,4,0.22222222222222224,0.5940283710192035,True,5,1,6,G:\SteelRailWay\$out\baselines_rgbd_smoke\cam4\rd4ad_i\result.json,0.3333333333333333,0.0,0.22222222222222224,0.32776306777619424,0.7140503438990623,0.5940283710192035,fusion,sum
