rank,frame_id,label,score
0,20250417_123456_Cam4_00079,0,0.00079840
1,20250417_123456_Cam4_00152,0,0.00079115
2,20250417_123456_Cam4_00134,0,0.00079031
3,20251112_191827_Cam4_00011,1,0.00078696
4,20250417_123456_Cam4_00140,1,0.00078319
5,20250417_123456_Cam4_00162,1,0.00077982
