rank,score,label
0,0.140842,0
1,0.129168,0
2,0.120846,0
3,0.120530,1
4,0.116385,1
5,0.115562,1
6,0.112590,1
7,0.112195,0
8,0.108418,1
9,0.098982,0
10,0.096303,0
11,0.093936,1
12,0.092196,0
13,0.091012,1
14,0.088124,1
15,0.084429,1
16,0.082285,0
17,0.079010,1
