rank,score,label
0,0.152523,1
1,0.040295,1
2,0.035370,1
3,0.025899,1
4,0.009464,0
5,0.008370,1
6,0.004587,0
7,0.004237,0
8,0.004221,0
9,0.004195,0
10,0.004135,1
11,0.004124,1
12,0.003939,1
13,0.003737,0
