epoch,loss
1,0.53956556
10,0.48782870
20,0.47002926
30,0.45452821
40,0.44500789
50,0.43895830
60,0.44067863
70,0.42913559
80,0.42445602
90,0.42136551
100,0.41812184
