epoch,loss,gain,bias
1,0.00247994,0.97006053,0.02856944
10,0.00232039,0.81257802,0.03345414
20,0.00230935,0.84792805,0.04711510
30,0.00231566,0.84109777,0.03680633
40,0.00231229,0.84029084,0.05079510
50,0.00231568,0.83928525,0.05077662
60,0.00230762,0.84218514,0.04462112
70,0.00230622,0.84185851,0.04064104
80,0.00230756,0.84186447,0.04994543
90,0.00230639,0.84018111,0.04516273
100,0.00231332,0.84219897,0.05158801
