rank,frame_id,score,label
0,20251112_191827_Cam5_00028,0.10111883,1
1,20251112_191827_Cam5_00018,0.06862779,1
2,20251112_191827_Cam5_00095,0.06836904,1
3,20251112_191827_Cam5_00015,0.04934260,1
4,20251112_191827_Cam5_00007,0.04672866,1
5,20251112_191827_Cam5_00067,0.02595345,1
6,20251112_191827_Cam5_00036,0.02565099,0
7,20251112_191827_Cam5_00123,0.02545121,1
8,20251112_191827_Cam5_00040,0.02516170,0
