rank,score,label
0,0.048469,1
1,0.041261,1
2,0.018484,1
3,0.018452,0
4,0.018380,1
5,0.016029,0
6,0.015991,1
7,0.015436,1
8,0.014531,0
9,0.013829,0
10,0.013677,1
11,0.010559,0
12,0.009567,1
13,0.009512,0
14,0.009039,1
15,0.008883,0
16,0.007902,1
17,0.005185,0
