rank,score,label
0,0.140870,0
1,0.129130,0
2,0.120946,0
3,0.120489,1
4,0.116239,1
5,0.115458,1
6,0.112839,0
7,0.112263,1
8,0.108246,1
9,0.099042,0
10,0.096340,0
11,0.094064,1
12,0.092369,0
13,0.091351,1
14,0.088057,1
15,0.084298,1
16,0.082179,0
17,0.079035,1
