rank,frame_id,label,score
0,20250417_123456_Cam4_00140,1,0.00166151
1,20250417_123456_Cam4_00079,0,0.00164535
2,20250417_123456_Cam4_00134,0,0.00161173
3,20250417_123456_Cam4_00152,0,0.00159813
4,20250417_123456_Cam4_00162,1,0.00159631
5,20251112_191827_Cam4_00011,1,0.00154797
