rank,frame_id,label,score
0,20250417_123456_Cam4_00140,1,0.00091456
1,20250417_123456_Cam4_00079,0,0.00087680
2,20250417_123456_Cam4_00134,0,0.00086784
3,20250417_123456_Cam4_00152,0,0.00083799
4,20250417_123456_Cam4_00162,1,0.00083541
5,20251112_191827_Cam4_00011,1,0.00080080
