epoch,loss
1,0.53924862
10,0.48463593
20,0.46892074
30,0.46042490
40,0.45383957
50,0.45014241
60,0.44675662
70,0.44297390
80,0.44079535
90,0.43637021
100,0.43468426
