{
  "method": "rd4ad_i",
  "cam": "cam1",
  "view_id": 1,
  "input_mode": "rgbd",
  "image_auroc": 0.7272727272727273,
  "pixel_auroc": 0.8217936104454296,
  "img_size": 512,
  "patch_size": 900,
  "patch_stride": 850,
  "train_root": "/data1/Leaddo_data/20260327-resize512",
  "test_root": "/home/root123/LF/WYM/SteelRailWay/rail_mvtec_gt_test",
  "train_sample_num": 1500,
  "train_val_test_split": [
    0.9,
    0.1,
    0.0
  ],
  "sampling_mode": "uniform_time",
  "depth_norm": "zscore",
  "smoke": false,
  "train_summary": {
    "num_images": 1350,
    "num_good_images": 1350,
    "num_broken_images": 0,
    "num_patch_samples": 1350,
    "num_patches_per_image": 1
  },
  "val_summary": {
    "num_images": 150,
    "num_good_images": 150,
    "num_broken_images": 0,
    "num_patch_samples": 150,
    "num_patches_per_image": 1
  },
  "test_summary": {
    "num_images": 21,
    "num_good_images": 10,
    "num_broken_images": 11,
    "num_patch_samples": 147,
    "num_patches_per_image": 7
  },
  "scores_csv": "/home/root123/LF/WYM/SteelRailWay/results/baselines_rgbd/cam1/rd4ad_i/scores_fusion.csv",
  "score_source_selected": "fusion",
  "fusion_rule": "sum",
  "image_auroc_by_source": {
    "rgb": 0.7000000000000001,
    "depth": 0.7454545454545454,
    "fusion": 0.7272727272727273
  },
  "pixel_auroc_by_source": {
    "rgb": 0.8055614822938353,
    "depth": 0.7318183757396202,
    "fusion": 0.8217936104454296
  },
  "scores_csv_by_source": {
    "rgb": "/home/root123/LF/WYM/SteelRailWay/results/baselines_rgbd/cam1/rd4ad_i/scores_rgb.csv",
    "depth": "/home/root123/LF/WYM/SteelRailWay/results/baselines_rgbd/cam1/rd4ad_i/scores_depth.csv",
    "fusion": "/home/root123/LF/WYM/SteelRailWay/results/baselines_rgbd/cam1/rd4ad_i/scores_fusion.csv"
  },
  "pixel_stats": {
    "total": 38535168,
    "positive": 233749,
    "negative": 38301419
  },
  "epochs": 20,
  "lr": 0.0001,
  "best_val_fusion_mean": 0.023310988129427036,
  "val_history": [
    0.15075095733006796,
    0.07991403510173162,
    0.06498240830997626,
    0.05773611679673195,
    0.05291851264735063,
    0.04931454447408517,
    0.04636713106185198,
    0.04422471473614375,
    0.04155276358127594,
    0.038879021132985754,
    0.036411718589564164,
    0.03459079696486394,
    0.03245816357433796,
    0.031093208628396193,
    0.029260233367482822,
    0.028121615033596753,
    0.026951268302897614,
    0.02591571565096577,
    0.024639369839181503,
    0.023310988129427036
  ],
  "train_loss_mode": "rd4ad",
  "teacher_shared": true
}