epoch,loss,gain,bias
1,0.00120594,0.96008289,0.01202071
10,0.00109983,0.86850125,0.00970685
20,0.00111020,0.86158973,0.00595831
30,0.00110479,0.86971408,0.01697269
40,0.00112096,0.87188393,0.01146260
50,0.00110413,0.87222034,0.01169518
60,0.00110661,0.87268221,0.00502427
70,0.00110139,0.86239153,-0.00533752
80,0.00109890,0.85958856,0.00395543
90,0.00110506,0.86462182,0.01712844
100,0.00110383,0.85545379,0.00746862
