rank,frame_id,label,score
0,20250417_123456_Cam4_00140,1,1.11568809
1,20250417_123456_Cam4_00134,0,1.10066009
2,20251112_191827_Cam4_00011,1,1.07549238
3,20250417_123456_Cam4_00152,0,1.06433749
4,20250417_123456_Cam4_00079,0,1.06416965
5,20250417_123456_Cam4_00162,1,1.04854286
