module_ablation,fusion_auroc,fusion_ci_low,fusion_ci_high,delta_vs_full,delta_ci_low,delta_ci_high,iterations
full,0.68750000,0.42500000,0.91250000,0.00000000,0.00000000,0.00000000,10000
no_cf,0.77500000,0.51250000,1.00000000,0.08750000,-0.26250000,0.42500000,10000
no_ca,0.73750000,0.47500000,0.93750000,0.05000000,-0.30000000,0.40000000,10000
no_cf_ca,0.73750000,0.47500000,0.93750000,0.05000000,-0.30000000,0.38750000,10000
