epoch,loss,gain,bias
1,0.01633255,0.96171433,0.03801103
