epoch,loss,gain,bias
1,0.01598381,0.97027105,0.02967241
