epoch,loss,gain,bias
1,0.01772655,0.97022885,0.02975319
