epoch,loss,gain,bias
1,0.01716068,0.96995538,0.03004168
