epoch,loss,gain,bias
1,0.01679043,0.97192448,0.02791133
