rank,frame_id,label,score
0,20251112_191827_Cam4_00011,1,0.34102434
1,20250417_123456_Cam4_00140,1,0.32652473
2,20250417_123456_Cam4_00134,0,0.32412454
3,20250417_123456_Cam4_00162,1,0.32025108
4,20250417_123456_Cam4_00079,0,0.31851998
5,20250417_123456_Cam4_00152,0,0.31573924
