{
  "metric_source": "fusion",
  "task_order": [
    "4",
    "5",
    "1"
  ],
  "steps": [
    {
      "step_idx": 1,
      "task_id": "4",
      "scores": {
        "4": 0.6625,
        "5": null,
        "1": null
      }
    },
    {
      "step_idx": 2,
      "task_id": "5",
      "scores": {
        "4": 0.6625,
        "5": 0.7959183673469388,
        "1": null
      }
    },
    {
      "step_idx": 3,
      "task_id": "1",
      "scores": {
        "4": 0.6625,
        "5": 0.7959183673469388,
        "1": 0.7090909090909091
      }
    }
  ]
}