epoch,loss,gain,bias
1,0.00119599,0.96023542,0.02202713
10,0.00110388,0.86764842,0.02069737
20,0.00112249,0.86686707,0.00758429
30,0.00110356,0.87160891,0.02819961
40,0.00112684,0.87688881,0.00969952
50,0.00110230,0.87111318,0.01689800
60,0.00110735,0.86090946,0.02493125
70,0.00113716,0.86370999,0.01264371
80,0.00111288,0.86669582,0.00848798
90,0.00112192,0.86914778,0.03138933
100,0.00111401,0.86240649,0.01237599
