epoch,loss
1,0.54420915
10,0.48873603
20,0.47837965
30,0.46919887
40,0.46455568
50,0.45685707
60,0.45139462
70,0.44871911
80,0.44720174
90,0.44483162
100,0.44132921
