rank,frame_id,score,label
0,20251112_191827_Cam6_00029,0.03760438,1
1,20251112_191827_Cam6_00095,0.03197644,1
2,20251112_191827_Cam6_00015,0.03134070,1
3,20251112_191827_Cam6_00026,0.02562944,1
4,20251112_191827_Cam6_00012,0.01996760,0
5,20251112_191827_Cam6_00006,0.01895291,0
6,20251112_191827_Cam6_00025,0.01764775,0
7,20251112_191827_Cam6_00014,0.01664459,0
8,20251112_191827_Cam6_00019,0.01521677,0
9,20251112_191827_Cam6_00022,0.00618010,0
10,20251112_191827_Cam6_00009,0.00595854,0
