rank,frame_id,score,label
0,20251112_191827_Cam6_00029,0.04220117,1
1,20251112_191827_Cam6_00015,0.04048899,1
2,20251112_191827_Cam6_00095,0.03371562,1
3,20251112_191827_Cam6_00026,0.02236474,1
4,20251112_191827_Cam6_00006,0.01905804,0
5,20251112_191827_Cam6_00012,0.01796011,0
6,20251112_191827_Cam6_00014,0.01680480,0
7,20251112_191827_Cam6_00019,0.01539489,0
8,20251112_191827_Cam6_00025,0.01517839,0
9,20251112_191827_Cam6_00022,0.00593435,0
10,20251112_191827_Cam6_00009,0.00585500,0
