rank,score,label
0,0.085877,1
1,0.045823,1
2,0.045570,1
3,0.041462,1
4,0.028897,0
5,0.020423,0
6,0.018924,0
7,0.008574,0
8,0.006764,0
9,0.005948,0
10,0.005210,0
