epoch,loss,gain,bias
1,0.00250253,0.97014260,0.02876584
10,0.00232198,0.81007129,0.03736805
20,0.00232833,0.84508753,0.05523056
30,0.00232892,0.83949280,0.05426630
40,0.00233151,0.83751017,0.05735366
50,0.00232135,0.83808124,0.05841349
60,0.00232013,0.83633620,0.05637373
70,0.00233254,0.83786130,0.05889044
80,0.00231928,0.83697176,0.04986539
90,0.00232348,0.83860981,0.05623087
100,0.00232647,0.83682549,0.05978236
