rank,frame_id,score,label
0,20251112_191827_Cam5_00028,0.10110285,1
1,20251112_191827_Cam5_00095,0.06898801,1
2,20251112_191827_Cam5_00018,0.06876934,1
3,20251112_191827_Cam5_00015,0.04827623,1
4,20251112_191827_Cam5_00007,0.04568464,1
5,20251112_191827_Cam5_00033,0.04563182,0
6,20251112_191827_Cam5_00022,0.02820912,0
7,20251112_191827_Cam5_00067,0.02610564,1
8,20251112_191827_Cam5_00123,0.02557623,1
