epoch,loss
1,0.58181912
10,0.54609704
20,0.54521203
30,0.53098834
40,0.53042012
50,0.53268188
60,0.52477983
70,0.52991301
80,0.51875237
90,0.51994202
100,0.50898594
