{
  "method": "stfpm",
  "cam": "cam4",
  "view_id": 4,
  "input_mode": "rgbd",
  "image_auroc": 0.4125,
  "pixel_auroc": 0.5306660690848295,
  "img_size": 512,
  "patch_size": 900,
  "patch_stride": 850,
  "train_root": "/data1/Leaddo_data/20260327-resize512",
  "test_root": "/home/root123/LF/WYM/SteelRailWay/rail_mvtec_gt_test",
  "train_sample_num": 1500,
  "train_val_test_split": [
    0.9,
    0.1,
    0.0
  ],
  "sampling_mode": "uniform_time",
  "depth_norm": "zscore",
  "smoke": false,
  "train_summary": {
    "num_images": 1350,
    "num_good_images": 1350,
    "num_broken_images": 0,
    "num_patch_samples": 1350,
    "num_patches_per_image": 1
  },
  "val_summary": {
    "num_images": 150,
    "num_good_images": 150,
    "num_broken_images": 0,
    "num_patch_samples": 150,
    "num_patches_per_image": 1
  },
  "test_summary": {
    "num_images": 18,
    "num_good_images": 8,
    "num_broken_images": 10,
    "num_patch_samples": 126,
    "num_patches_per_image": 7
  },
  "scores_csv": "/home/root123/LF/WYM/SteelRailWay/results/baselines_rgbd/cam4/stfpm/scores_fusion.csv",
  "score_source_selected": "fusion",
  "fusion_rule": "sum",
  "image_auroc_by_source": {
    "rgb": 0.5125,
    "depth": 0.4375,
    "fusion": 0.4125
  },
  "pixel_auroc_by_source": {
    "rgb": 0.47613714376279564,
    "depth": 0.5550609472156193,
    "fusion": 0.5306660690848295
  },
  "scores_csv_by_source": {
    "rgb": "/home/root123/LF/WYM/SteelRailWay/results/baselines_rgbd/cam4/stfpm/scores_rgb.csv",
    "depth": "/home/root123/LF/WYM/SteelRailWay/results/baselines_rgbd/cam4/stfpm/scores_depth.csv",
    "fusion": "/home/root123/LF/WYM/SteelRailWay/results/baselines_rgbd/cam4/stfpm/scores_fusion.csv"
  },
  "pixel_stats": {
    "total": 33030144,
    "positive": 431596,
    "negative": 32598548
  },
  "epochs": 20,
  "lr": 0.0001,
  "best_val_fusion_mean": 0.48858735342820486,
  "val_history": [
    0.48858735342820486,
    0.5387457211812338,
    0.5599797399838765,
    0.5817107752958933,
    0.5787462790807089,
    0.5719848163922627,
    0.5789684454600016,
    0.5866989998022715,
    0.585227872133255,
    0.578922457297643,
    0.57979660709699,
    0.5868281777699789,
    0.5911117374897004,
    0.5966232717037201,
    0.5961379237969716,
    0.6040373373031617,
    0.6130495202541352,
    0.6057949737707774,
    0.608297796646754,
    0.6117185012499491
  ],
  "train_loss_mode": "stfpm",
  "teacher_shared": true
}