rank,score,label
0,0.111451,1
1,0.087170,1
2,0.071023,1
3,0.061388,1
4,0.056812,0
5,0.049981,0
6,0.045688,1
7,0.030417,0
8,0.025746,1
9,0.025743,0
10,0.025410,0
11,0.024293,0
12,0.023359,0
13,0.023221,1
