rank,frame_id,label,score
0,20251112_191827_Cam4_00011,1,0.98834056
1,20250417_123456_Cam4_00134,0,0.90331274
2,20250417_123456_Cam4_00162,1,0.88601130
3,20250417_123456_Cam4_00152,0,0.87818098
4,20250417_123456_Cam4_00140,1,0.87388456
5,20250417_123456_Cam4_00079,0,0.85609555
