rank,frame_id,label,score
0,20251112_191827_Cam4_00011,1,1.89162970
1,20250417_123456_Cam4_00162,1,1.66986537
2,20250417_123456_Cam4_00134,0,1.64406466
3,20250417_123456_Cam4_00140,1,1.62903881
4,20250417_123456_Cam4_00152,0,1.60670304
5,20250417_123456_Cam4_00079,0,1.59451532
