rank,frame_id,label,score
0,20251112_191827_Cam4_00011,1,0.51251024
1,20250417_123456_Cam4_00140,1,0.51214981
2,20250417_123456_Cam4_00134,0,0.51209545
3,20250417_123456_Cam4_00162,1,0.50706053
4,20250417_123456_Cam4_00152,0,0.50510871
5,20250417_123456_Cam4_00079,0,0.50356454
