rank,frame_id,label,score
0,20250417_123456_Cam4_00162,1,124.76460266
1,20250417_123456_Cam4_00140,1,83.06989288
2,20251112_191827_Cam4_00011,1,82.03365326
3,20250417_123456_Cam4_00079,0,80.48045349
4,20250417_123456_Cam4_00152,0,33.75442886
5,20250417_123456_Cam4_00134,0,31.02088547
