{
  "method": "rd4ad_i",
  "cam": "cam4",
  "view_id": 4,
  "image_auroc": 0.975,
  "pixel_auroc": 0.8349893018568371,
  "img_size": 512,
  "patch_size": 900,
  "patch_stride": 850,
  "train_root": "/data1/Leaddo_data/20260327-resize512",
  "test_root": "/home/root123/LF/WYM/SteelRailWay/rail_mvtec_gt_test",
  "train_sample_num": 1500,
  "train_val_test_split": [
    0.9,
    0.1,
    0.0
  ],
  "sampling_mode": "uniform_time",
  "smoke": false,
  "train_summary": {
    "num_images": 1350,
    "num_good_images": 1350,
    "num_broken_images": 0,
    "num_patch_samples": 1350,
    "num_patches_per_image": 1
  },
  "val_summary": {
    "num_images": 150,
    "num_good_images": 150,
    "num_broken_images": 0,
    "num_patch_samples": 150,
    "num_patches_per_image": 1
  },
  "test_summary": {
    "num_images": 18,
    "num_good_images": 8,
    "num_broken_images": 10,
    "num_patch_samples": 126,
    "num_patches_per_image": 7
  },
  "scores_csv": "/home/root123/LF/WYM/SteelRailWay/results/baselines_rgb/cam4/rd4ad_i/scores.csv",
  "epochs": 20,
  "lr": 0.0001,
  "best_val_loss": 0.46436785239922374,
  "val_history": [
    1.1314678631330792,
    0.928210691401833,
    0.8511715562720048,
    0.7994240930205897,
    0.7613200890390497,
    0.7320768048888758,
    0.7051364183425903,
    0.6631413541342083,
    0.623257859757072,
    0.5888077397095529,
    0.5662129113548681,
    0.5481344649666234,
    0.5349788446175424,
    0.5218287518149928,
    0.509826726035068,
    0.530513019938218,
    0.4869066335653004,
    0.4788207662732978,
    0.4731698836150922,
    0.46436785239922374
  ],
  "train_loss_mode": "rd4ad"
}