epoch,loss,gain,bias
1,0.00118029,0.95054692,0.03065032
10,0.00110581,0.87860191,0.02578199
20,0.00110451,0.86950135,0.02002058
30,0.00110271,0.87458783,0.01712037
40,0.00110625,0.86996478,0.01296835
50,0.00110689,0.87280941,0.02546495
60,0.00110259,0.87290025,0.02860538
70,0.00110909,0.86988187,0.02450958
80,0.00110302,0.87029415,0.02321161
90,0.00110552,0.87179351,0.01140587
100,0.00110274,0.87340903,0.01607828
