method,view_id,image_auroc,pixel_auroc,smoke,train_images,val_images,test_images,result_json,image_auroc_rgb,image_auroc_depth,image_auroc_fusion,pixel_auroc_rgb,pixel_auroc_depth,pixel_auroc_fusion,score_source_selected,fusion_rule
padim,1,0.9363636363636364,0.859239698491121,False,1350,150,21,/home/root123/LF/WYM/SteelRailWay/results/baselines_rgbd/cam1/padim/result.json,0.7727272727272727,0.8454545454545455,0.9363636363636364,0.9571731950611203,0.7061799984270658,0.859239698491121,fusion,sum
patchcore,1,0.9454545454545454,0.9433083280431783,False,1350,150,21,/home/root123/LF/WYM/SteelRailWay/results/baselines_rgbd/cam1/patchcore/result.json,0.8181818181818182,0.8363636363636364,0.9454545454545454,0.9206353330349734,0.9048318651182764,0.9433083280431783,fusion,sum
fastflow,1,0.7090909090909091,0.752028284350651,False,1350,150,21,/home/root123/LF/WYM/SteelRailWay/results/baselines_rgbd/cam1/fastflow/result.json,0.44545454545454544,0.7454545454545455,0.7090909090909091,0.7115598325500593,0.6989142562585244,0.752028284350651,fusion,sum
draem,1,0.7681818181818182,0.5353061373465693,False,1350,150,21,/home/root123/LF/WYM/SteelRailWay/results/baselines_rgbd/cam1/draem/result.json,0.75,0.5,0.7681818181818182,0.6005793189338452,0.48898312960352336,0.5353061373465693,fusion,sum
stfpm,1,0.35454545454545455,0.4860689525265678,False,1350,150,21,/home/root123/LF/WYM/SteelRailWay/results/baselines_rgbd/cam1/stfpm/result.json,0.19999999999999996,0.9,0.35454545454545455,0.5313543970880313,0.42768415535336735,0.4860689525265678,fusion,sum
rd4ad_i,1,0.7272727272727273,0.8217936104454296,False,1350,150,21,/home/root123/LF/WYM/SteelRailWay/results/baselines_rgbd/cam1/rd4ad_i/result.json,0.7000000000000001,0.7454545454545454,0.7272727272727273,0.8055614822938353,0.7318183757396202,0.8217936104454296,fusion,sum
