{
  "rows": [
    {
      "method": "padim",
      "view_id": 1,
      "image_auroc": 0.9363636363636364,
      "pixel_auroc": 0.859239698491121,
      "image_auroc_rgb": 0.7727272727272727,
      "image_auroc_depth": 0.8454545454545455,
      "image_auroc_fusion": 0.9363636363636364,
      "pixel_auroc_rgb": 0.9571731950611203,
      "pixel_auroc_depth": 0.7061799984270658,
      "pixel_auroc_fusion": 0.859239698491121,
      "score_source_selected": "fusion",
      "fusion_rule": "sum",
      "smoke": false,
      "train_images": 1350,
      "val_images": 150,
      "test_images": 21,
      "result_json": "/home/root123/LF/WYM/SteelRailWay/results/baselines_rgbd/cam1/padim/result.json"
    },
    {
      "method": "patchcore",
      "view_id": 1,
      "image_auroc": 0.9454545454545454,
      "pixel_auroc": 0.9433083280431783,
      "image_auroc_rgb": 0.8181818181818182,
      "image_auroc_depth": 0.8363636363636364,
      "image_auroc_fusion": 0.9454545454545454,
      "pixel_auroc_rgb": 0.9206353330349734,
      "pixel_auroc_depth": 0.9048318651182764,
      "pixel_auroc_fusion": 0.9433083280431783,
      "score_source_selected": "fusion",
      "fusion_rule": "sum",
      "smoke": false,
      "train_images": 1350,
      "val_images": 150,
      "test_images": 21,
      "result_json": "/home/root123/LF/WYM/SteelRailWay/results/baselines_rgbd/cam1/patchcore/result.json"
    },
    {
      "method": "fastflow",
      "view_id": 1,
      "image_auroc": 0.7090909090909091,
      "pixel_auroc": 0.752028284350651,
      "image_auroc_rgb": 0.44545454545454544,
      "image_auroc_depth": 0.7454545454545455,
      "image_auroc_fusion": 0.7090909090909091,
      "pixel_auroc_rgb": 0.7115598325500593,
      "pixel_auroc_depth": 0.6989142562585244,
      "pixel_auroc_fusion": 0.752028284350651,
      "score_source_selected": "fusion",
      "fusion_rule": "sum",
      "smoke": false,
      "train_images": 1350,
      "val_images": 150,
      "test_images": 21,
      "result_json": "/home/root123/LF/WYM/SteelRailWay/results/baselines_rgbd/cam1/fastflow/result.json"
    },
    {
      "method": "draem",
      "view_id": 1,
      "image_auroc": 0.7681818181818182,
      "pixel_auroc": 0.5353061373465693,
      "image_auroc_rgb": 0.75,
      "image_auroc_depth": 0.5,
      "image_auroc_fusion": 0.7681818181818182,
      "pixel_auroc_rgb": 0.6005793189338452,
      "pixel_auroc_depth": 0.48898312960352336,
      "pixel_auroc_fusion": 0.5353061373465693,
      "score_source_selected": "fusion",
      "fusion_rule": "sum",
      "smoke": false,
      "train_images": 1350,
      "val_images": 150,
      "test_images": 21,
      "result_json": "/home/root123/LF/WYM/SteelRailWay/results/baselines_rgbd/cam1/draem/result.json"
    },
    {
      "method": "stfpm",
      "view_id": 1,
      "image_auroc": 0.35454545454545455,
      "pixel_auroc": 0.4860689525265678,
      "image_auroc_rgb": 0.19999999999999996,
      "image_auroc_depth": 0.9,
      "image_auroc_fusion": 0.35454545454545455,
      "pixel_auroc_rgb": 0.5313543970880313,
      "pixel_auroc_depth": 0.42768415535336735,
      "pixel_auroc_fusion": 0.4860689525265678,
      "score_source_selected": "fusion",
      "fusion_rule": "sum",
      "smoke": false,
      "train_images": 1350,
      "val_images": 150,
      "test_images": 21,
      "result_json": "/home/root123/LF/WYM/SteelRailWay/results/baselines_rgbd/cam1/stfpm/result.json"
    },
    {
      "method": "rd4ad_i",
      "view_id": 1,
      "image_auroc": 0.7272727272727273,
      "pixel_auroc": 0.8217936104454296,
      "image_auroc_rgb": 0.7000000000000001,
      "image_auroc_depth": 0.7454545454545454,
      "image_auroc_fusion": 0.7272727272727273,
      "pixel_auroc_rgb": 0.8055614822938353,
      "pixel_auroc_depth": 0.7318183757396202,
      "pixel_auroc_fusion": 0.8217936104454296,
      "score_source_selected": "fusion",
      "fusion_rule": "sum",
      "smoke": false,
      "train_images": 1350,
      "val_images": 150,
      "test_images": 21,
      "result_json": "/home/root123/LF/WYM/SteelRailWay/results/baselines_rgbd/cam1/rd4ad_i/result.json"
    }
  ]
}