epoch,loss
1,0.56976336
10,0.55208898
20,0.54533243
30,0.53398740
40,0.53319505
50,0.52792034
60,0.52435198
70,0.52596501
80,0.51498857
90,0.51524022
100,0.53166699
