step_idx,task_id,task_4,task_5
1,4,0.66250000,
2,5,0.66250000,0.79591837
