epoch,loss
1,0.57038215
10,0.55855054
20,0.55090293
30,0.54806736
40,0.55066249
50,0.53862292
60,0.52843076
70,0.53412122
80,0.52464029
90,0.52009842
100,0.51723114
