epoch,loss,gain,bias
1,0.00118738,0.96066046,0.02162645
10,0.00110522,0.87607747,0.00475258
20,0.00110339,0.87219065,0.02326818
30,0.00110389,0.87063462,0.01436644
40,0.00110236,0.86884063,0.02387499
50,0.00110245,0.87196839,0.01045533
60,0.00110396,0.86981499,0.01345783
70,0.00110229,0.87090755,0.01264702
80,0.00110288,0.87171507,0.01220269
90,0.00110536,0.87317830,0.01873864
100,0.00110170,0.86947882,0.01675614
