epoch,loss
1,0.54696134
10,0.49895425
20,0.47436050
30,0.47005673
40,0.46097791
50,0.45701529
60,0.45209298
70,0.44901530
80,0.45090505
90,0.44240829
100,0.44300525
