rank,frame_id,label,score
0,20250417_123456_Cam4_00079,0,300.29614258
1,20250417_123456_Cam4_00134,0,291.00036621
2,20250417_123456_Cam4_00140,1,271.98648071
3,20250417_123456_Cam4_00152,0,261.23287964
4,20250417_123456_Cam4_00162,1,260.39456177
5,20251112_191827_Cam4_00011,1,250.38302612
