rank,frame_id,label,score
0,20250417_123456_Cam4_00162,1,171.97570801
1,20251112_191827_Cam4_00011,1,168.85119629
2,20250417_123456_Cam4_00079,0,142.13471985
3,20250417_123456_Cam4_00134,0,137.15646362
4,20250417_123456_Cam4_00140,1,132.97685242
5,20250417_123456_Cam4_00152,0,127.14183044
