epoch,loss,gain,bias
1,0.00246974,0.97007465,0.02891361
10,0.00231763,0.81358933,0.03525624
20,0.00231141,0.84940481,0.04458294
30,0.00231227,0.84196389,0.04959610
40,0.00231235,0.84258926,0.04580256
50,0.00231095,0.84357411,0.04777935
60,0.00231049,0.84270811,0.04908988
70,0.00231184,0.84341878,0.03995496
80,0.00231219,0.84136802,0.04891495
90,0.00231283,0.84239650,0.04487674
100,0.00231202,0.84203184,0.04532440
