rank,frame_id,score,label
0,20251112_191827_Cam5_00028,0.10163826,1
1,20251112_191827_Cam5_00095,0.06785212,1
2,20251112_191827_Cam5_00018,0.06761608,1
3,20251112_191827_Cam5_00015,0.04855176,1
4,20251112_191827_Cam5_00007,0.04607212,1
5,20251112_191827_Cam5_00046,0.02735316,0
6,20251112_191827_Cam5_00067,0.02580278,1
7,20251112_191827_Cam5_00123,0.02523136,1
