rank,frame_id,label,score
0,20250417_123456_Cam4_00140,1,0.33619419
1,20251112_191827_Cam4_00011,1,0.32315806
2,20250417_123456_Cam4_00134,0,0.32052368
3,20250417_123456_Cam4_00079,0,0.31846300
4,20250417_123456_Cam4_00162,1,0.31168979
5,20250417_123456_Cam4_00152,0,0.31122625
