rank,score,label
0,0.044797,1
1,0.038806,1
2,0.036467,1
3,0.030502,1
4,0.023722,1
5,0.023235,1
6,0.021497,0
7,0.021391,0
8,0.021149,1
9,0.020432,1
10,0.020274,0
11,0.019037,0
12,0.018827,0
13,0.018776,0
14,0.018669,1
15,0.018426,0
16,0.018100,0
17,0.017341,0
18,0.017313,1
19,0.016867,1
20,0.016387,0
