epoch,loss
1,0.54146463
10,0.48766406
20,0.47438119
30,0.46757600
40,0.45718797
50,0.45289007
60,0.44931127
70,0.44600728
80,0.44631743
90,0.44249612
100,0.44091724
