epoch,loss,gain,bias
1,0.00118168,0.96027148,0.01159800
10,0.00110552,0.88147402,0.01774611
20,0.00110462,0.87619114,0.00927234
30,0.00110468,0.87899750,0.00577119
40,0.00111168,0.87374264,0.01435732
50,0.00110523,0.87508953,0.01893953
60,0.00110438,0.87540221,0.01710603
70,0.00110552,0.87456864,0.01662544
80,0.00110527,0.87703705,0.01061882
90,0.00110492,0.87397927,0.01775312
100,0.00110490,0.87588012,0.01374382
