{
  "rows": [
    {
      "method": "padim",
      "view_id": 5,
      "image_auroc": 0.7551020408163265,
      "pixel_auroc": 0.8756402897672007,
      "image_auroc_rgb": 0.673469387755102,
      "image_auroc_depth": 0.653061224489796,
      "image_auroc_fusion": 0.7551020408163265,
      "pixel_auroc_rgb": 0.9121131424479275,
      "pixel_auroc_depth": 0.7062975329178113,
      "pixel_auroc_fusion": 0.8756402897672007,
      "score_source_selected": "fusion",
      "fusion_rule": "sum",
      "smoke": false,
      "train_images": 1350,
      "val_images": 150,
      "test_images": 14,
      "result_json": "/home/root123/LF/WYM/SteelRailWay/results/baselines_rgbd/cam5/padim/result.json"
    },
    {
      "method": "patchcore",
      "view_id": 5,
      "image_auroc": 0.8571428571428571,
      "pixel_auroc": 0.9185249836329152,
      "image_auroc_rgb": 0.6326530612244898,
      "image_auroc_depth": 0.7959183673469388,
      "image_auroc_fusion": 0.8571428571428571,
      "pixel_auroc_rgb": 0.8377202210686006,
      "pixel_auroc_depth": 0.89468003311932,
      "pixel_auroc_fusion": 0.9185249836329152,
      "score_source_selected": "fusion",
      "fusion_rule": "sum",
      "smoke": false,
      "train_images": 1350,
      "val_images": 150,
      "test_images": 14,
      "result_json": "/home/root123/LF/WYM/SteelRailWay/results/baselines_rgbd/cam5/patchcore/result.json"
    },
    {
      "method": "fastflow",
      "view_id": 5,
      "image_auroc": 0.7346938775510203,
      "pixel_auroc": 0.5174192666159357,
      "image_auroc_rgb": 0.5714285714285714,
      "image_auroc_depth": 0.7551020408163265,
      "image_auroc_fusion": 0.7346938775510203,
      "pixel_auroc_rgb": 0.5239330575268425,
      "pixel_auroc_depth": 0.4999591735490667,
      "pixel_auroc_fusion": 0.5174192666159357,
      "score_source_selected": "fusion",
      "fusion_rule": "sum",
      "smoke": false,
      "train_images": 1350,
      "val_images": 150,
      "test_images": 14,
      "result_json": "/home/root123/LF/WYM/SteelRailWay/results/baselines_rgbd/cam5/fastflow/result.json"
    },
    {
      "method": "draem",
      "view_id": 5,
      "image_auroc": 0.5204081632653061,
      "pixel_auroc": 0.5365749453855921,
      "image_auroc_rgb": 0.7755102040816326,
      "image_auroc_depth": 0.5,
      "image_auroc_fusion": 0.5204081632653061,
      "pixel_auroc_rgb": 0.5408404899353209,
      "pixel_auroc_depth": 0.5141248786691949,
      "pixel_auroc_fusion": 0.5365749453855921,
      "score_source_selected": "fusion",
      "fusion_rule": "sum",
      "smoke": false,
      "train_images": 1350,
      "val_images": 150,
      "test_images": 14,
      "result_json": "/home/root123/LF/WYM/SteelRailWay/results/baselines_rgbd/cam5/draem/result.json"
    },
    {
      "method": "stfpm",
      "view_id": 5,
      "image_auroc": 0.9183673469387754,
      "pixel_auroc": 0.7129824260229279,
      "image_auroc_rgb": 0.22448979591836735,
      "image_auroc_depth": 0.9183673469387755,
      "image_auroc_fusion": 0.9183673469387754,
      "pixel_auroc_rgb": 0.7011394670027001,
      "pixel_auroc_depth": 0.7521705841021459,
      "pixel_auroc_fusion": 0.7129824260229279,
      "score_source_selected": "fusion",
      "fusion_rule": "sum",
      "smoke": false,
      "train_images": 1350,
      "val_images": 150,
      "test_images": 14,
      "result_json": "/home/root123/LF/WYM/SteelRailWay/results/baselines_rgbd/cam5/stfpm/result.json"
    },
    {
      "method": "rd4ad_i",
      "view_id": 5,
      "image_auroc": 0.6938775510204082,
      "pixel_auroc": 0.6962563502432337,
      "image_auroc_rgb": 0.6326530612244898,
      "image_auroc_depth": 0.5918367346938775,
      "image_auroc_fusion": 0.6938775510204082,
      "pixel_auroc_rgb": 0.6881305233337449,
      "pixel_auroc_depth": 0.6971825469816018,
      "pixel_auroc_fusion": 0.6962563502432337,
      "score_source_selected": "fusion",
      "fusion_rule": "sum",
      "smoke": false,
      "train_images": 1350,
      "val_images": 150,
      "test_images": 14,
      "result_json": "/home/root123/LF/WYM/SteelRailWay/results/baselines_rgbd/cam5/rd4ad_i/result.json"
    }
  ]
}