method,view_id,image_auroc,pixel_auroc,smoke,train_images,val_images,test_images,result_json,image_auroc_rgb,image_auroc_depth,image_auroc_fusion,pixel_auroc_rgb,pixel_auroc_depth,pixel_auroc_fusion,score_source_selected,fusion_rule
padim,5,0.7551020408163265,0.8756402897672007,False,1350,150,14,/home/root123/LF/WYM/SteelRailWay/results/baselines_rgbd/cam5/padim/result.json,0.673469387755102,0.653061224489796,0.7551020408163265,0.9121131424479275,0.7062975329178113,0.8756402897672007,fusion,sum
patchcore,5,0.8571428571428571,0.9185249836329152,False,1350,150,14,/home/root123/LF/WYM/SteelRailWay/results/baselines_rgbd/cam5/patchcore/result.json,0.6326530612244898,0.7959183673469388,0.8571428571428571,0.8377202210686006,0.89468003311932,0.9185249836329152,fusion,sum
fastflow,5,0.7346938775510203,0.5174192666159357,False,1350,150,14,/home/root123/LF/WYM/SteelRailWay/results/baselines_rgbd/cam5/fastflow/result.json,0.5714285714285714,0.7551020408163265,0.7346938775510203,0.5239330575268425,0.4999591735490667,0.5174192666159357,fusion,sum
draem,5,0.5204081632653061,0.5365749453855921,False,1350,150,14,/home/root123/LF/WYM/SteelRailWay/results/baselines_rgbd/cam5/draem/result.json,0.7755102040816326,0.5,0.5204081632653061,0.5408404899353209,0.5141248786691949,0.5365749453855921,fusion,sum
stfpm,5,0.9183673469387754,0.7129824260229279,False,1350,150,14,/home/root123/LF/WYM/SteelRailWay/results/baselines_rgbd/cam5/stfpm/result.json,0.22448979591836735,0.9183673469387755,0.9183673469387754,0.7011394670027001,0.7521705841021459,0.7129824260229279,fusion,sum
rd4ad_i,5,0.6938775510204082,0.6962563502432337,False,1350,150,14,/home/root123/LF/WYM/SteelRailWay/results/baselines_rgbd/cam5/rd4ad_i/result.json,0.6326530612244898,0.5918367346938775,0.6938775510204082,0.6881305233337449,0.6971825469816018,0.6962563502432337,fusion,sum
