epoch,loss
1,0.54090011
10,0.48923142
20,0.46888694
30,0.45542525
40,0.44324802
50,0.43775140
60,0.43217365
70,0.42837304
80,0.42803517
90,0.41884722
100,0.42280656
