rank,frame_id,label,score
0,20250417_123456_Cam4_00152,0,0.70169747
1,20250417_123456_Cam4_00079,0,0.69545281
2,20250417_123456_Cam4_00140,1,0.69455886
3,20250417_123456_Cam4_00162,1,0.67671585
4,20250417_123456_Cam4_00134,0,0.67363250
5,20251112_191827_Cam4_00011,1,0.66420102
