epoch,loss,gain,bias
1,0.00248278,0.96024293,0.03405650
10,0.00231180,0.82948297,0.04738395
20,0.00232180,0.83674073,0.04060555
30,0.00231598,0.84551567,0.04007141
40,0.00232326,0.83978987,0.04052128
50,0.00231073,0.83897847,0.04116344
60,0.00231826,0.83683443,0.03228262
70,0.00231086,0.84261936,0.04252074
80,0.00231553,0.84170359,0.04203033
90,0.00230902,0.84492618,0.04147027
100,0.00231901,0.83373439,0.03981014
