epoch,loss
1,0.53978533
10,0.47733721
20,0.45990343
30,0.44890633
40,0.43891229
50,0.43234907
60,0.43307546
70,0.42185505
80,0.41777994
90,0.41651000
100,0.41538973
