rank,frame_id,label,score
0,20250417_123456_Cam4_00162,1,0.91366327
1,20251112_191827_Cam4_00011,1,0.90346283
2,20250417_123456_Cam4_00140,1,0.86266935
3,20250417_123456_Cam4_00134,0,0.84257752
4,20250417_123456_Cam4_00152,0,0.83390820
5,20250417_123456_Cam4_00079,0,0.80658221
