rank,frame_id,score,label
0,20251112_191827_Cam6_00095,0.00860402,1
1,20251112_191827_Cam6_00006,0.00755082,0
2,20251112_191827_Cam6_00015,0.00715007,1
3,20251112_191827_Cam6_00019,0.00687994,0
4,20251112_191827_Cam6_00025,0.00659183,0
5,20251112_191827_Cam6_00029,0.00639197,1
6,20251112_191827_Cam6_00026,0.00629580,1
7,20251112_191827_Cam6_00022,0.00538502,0
8,20251112_191827_Cam6_00009,0.00510087,0
9,20251112_191827_Cam6_00012,0.00503968,0
10,20251112_191827_Cam6_00014,0.00488468,0
