rank,frame_id,label,score
0,20250417_123456_Cam4_00079,0,0.44259855
1,20250417_123456_Cam4_00152,0,0.44205356
2,20250417_123456_Cam4_00134,0,0.42033809
3,20250417_123456_Cam4_00140,1,0.41443321
4,20250417_123456_Cam4_00162,1,0.39898777
5,20251112_191827_Cam4_00011,1,0.37238595
