rank,frame_id,label,score
0,20250417_123456_Cam4_00140,1,0.33438149
1,20250417_123456_Cam4_00134,0,0.33008581
2,20250417_123456_Cam4_00079,0,0.31350815
3,20250417_123456_Cam4_00152,0,0.31330708
4,20251112_191827_Cam4_00011,1,0.31323692
5,20250417_123456_Cam4_00162,1,0.31105137
