epoch,loss
1,0.54487243
10,0.48875625
20,0.46520162
30,0.45993178
40,0.44166851
50,0.43574889
60,0.42908470
70,0.43020365
80,0.41950491
90,0.42334667
100,0.41684663
