rank,frame_id,score,label
0,20251112_191827_Cam6_00029,0.03838114,1
1,20251112_191827_Cam6_00015,0.03340330,1
2,20251112_191827_Cam6_00095,0.02919419,1
3,20251112_191827_Cam6_00026,0.02174950,1
4,20251112_191827_Cam6_00012,0.01748736,0
5,20251112_191827_Cam6_00006,0.01705002,0
6,20251112_191827_Cam6_00014,0.01618554,0
7,20251112_191827_Cam6_00025,0.01453402,0
8,20251112_191827_Cam6_00019,0.01374733,0
9,20251112_191827_Cam6_00022,0.00574673,0
10,20251112_191827_Cam6_00009,0.00555533,0
