rank,frame_id,score,label
0,20251112_191827_Cam6_00095,0.00796229,1
1,20251112_191827_Cam6_00006,0.00770957,0
2,20251112_191827_Cam6_00015,0.00754226,1
3,20251112_191827_Cam6_00019,0.00668747,0
4,20251112_191827_Cam6_00025,0.00650465,0
5,20251112_191827_Cam6_00026,0.00647109,1
6,20251112_191827_Cam6_00029,0.00578467,1
7,20251112_191827_Cam6_00009,0.00512760,0
8,20251112_191827_Cam6_00022,0.00509522,0
9,20251112_191827_Cam6_00012,0.00481956,0
10,20251112_191827_Cam6_00014,0.00476538,0
