rank,frame_id,score,label
0,20251112_191827_Cam6_00015,0.07907153,1
1,20251112_191827_Cam6_00026,0.04468643,1
2,20251112_191827_Cam6_00029,0.04386382,1
3,20251112_191827_Cam6_00095,0.03787784,1
4,20251112_191827_Cam6_00012,0.02870379,0
5,20251112_191827_Cam6_00019,0.01704664,0
6,20251112_191827_Cam6_00006,0.01688381,0
7,20251112_191827_Cam6_00014,0.00727887,0
8,20251112_191827_Cam6_00022,0.00605249,0
9,20251112_191827_Cam6_00025,0.00550124,0
10,20251112_191827_Cam6_00009,0.00276837,0
