{
  "method": "rd4ad_i",
  "cam": "cam5",
  "view_id": 5,
  "input_mode": "rgbd",
  "image_auroc": 0.6938775510204082,
  "pixel_auroc": 0.6962563502432337,
  "img_size": 512,
  "patch_size": 900,
  "patch_stride": 850,
  "train_root": "/data1/Leaddo_data/20260327-resize512",
  "test_root": "/home/root123/LF/WYM/SteelRailWay/rail_mvtec_gt_test",
  "train_sample_num": 1500,
  "train_val_test_split": [
    0.9,
    0.1,
    0.0
  ],
  "sampling_mode": "uniform_time",
  "depth_norm": "zscore",
  "smoke": false,
  "train_summary": {
    "num_images": 1350,
    "num_good_images": 1350,
    "num_broken_images": 0,
    "num_patch_samples": 1350,
    "num_patches_per_image": 1
  },
  "val_summary": {
    "num_images": 150,
    "num_good_images": 150,
    "num_broken_images": 0,
    "num_patch_samples": 150,
    "num_patches_per_image": 1
  },
  "test_summary": {
    "num_images": 14,
    "num_good_images": 7,
    "num_broken_images": 7,
    "num_patch_samples": 98,
    "num_patches_per_image": 7
  },
  "scores_csv": "/home/root123/LF/WYM/SteelRailWay/results/baselines_rgbd/cam5/rd4ad_i/scores_fusion.csv",
  "score_source_selected": "fusion",
  "fusion_rule": "sum",
  "image_auroc_by_source": {
    "rgb": 0.6326530612244898,
    "depth": 0.5918367346938775,
    "fusion": 0.6938775510204082
  },
  "pixel_auroc_by_source": {
    "rgb": 0.6881305233337449,
    "depth": 0.6971825469816018,
    "fusion": 0.6962563502432337
  },
  "scores_csv_by_source": {
    "rgb": "/home/root123/LF/WYM/SteelRailWay/results/baselines_rgbd/cam5/rd4ad_i/scores_rgb.csv",
    "depth": "/home/root123/LF/WYM/SteelRailWay/results/baselines_rgbd/cam5/rd4ad_i/scores_depth.csv",
    "fusion": "/home/root123/LF/WYM/SteelRailWay/results/baselines_rgbd/cam5/rd4ad_i/scores_fusion.csv"
  },
  "pixel_stats": {
    "total": 25690112,
    "positive": 237034,
    "negative": 25453078
  },
  "epochs": 20,
  "lr": 0.0001,
  "best_val_fusion_mean": 0.025101278418054183,
  "val_history": [
    0.14865798244873682,
    0.07977046151955923,
    0.06608611106872558,
    0.05868168450891972,
    0.05427792742848396,
    0.05096002863099178,
    0.04851745218038559,
    0.04577161061267058,
    0.04334961460282405,
    0.04059930531928937,
    0.03841674810896317,
    0.03638690188527107,
    0.03505604511747758,
    0.03372241577754418,
    0.031822042278945445,
    0.030185632569094498,
    0.029042943709840376,
    0.027137562688440083,
    0.026042290441691877,
    0.025101278418054183
  ],
  "train_loss_mode": "rd4ad",
  "teacher_shared": true
}