rank,frame_id,label,score
0,20251112_191827_Cam4_00011,1,0.51246679
1,20250417_123456_Cam4_00140,1,0.50976980
2,20250417_123456_Cam4_00162,1,0.50929207
3,20250417_123456_Cam4_00079,0,0.50833529
4,20250417_123456_Cam4_00134,0,0.50649893
5,20250417_123456_Cam4_00152,0,0.50451559
