rank,frame_id,label,score
0,20250417_123456_Cam4_00140,1,0.63296920
1,20250417_123456_Cam4_00134,0,0.61444271
2,20250417_123456_Cam4_00079,0,0.58750790
3,20250417_123456_Cam4_00152,0,0.58452761
4,20251112_191827_Cam4_00011,1,0.58153635
5,20250417_123456_Cam4_00162,1,0.57291609
