epoch,loss
1,0.54405820
10,0.48868591
20,0.47524528
30,0.46669160
40,0.45934173
50,0.45514049
60,0.45085303
70,0.44761114
80,0.44925110
90,0.44396399
100,0.44051857
