{
  "method": "stfpm",
  "cam": "cam4",
  "view_id": 4,
  "image_auroc": 0.65,
  "pixel_auroc": 0.7682091636947032,
  "img_size": 512,
  "patch_size": 900,
  "patch_stride": 850,
  "train_root": "/data1/Leaddo_data/20260327-resize512",
  "test_root": "/home/root123/LF/WYM/SteelRailWay/rail_mvtec_gt_test",
  "train_sample_num": 1500,
  "train_val_test_split": [
    0.9,
    0.1,
    0.0
  ],
  "sampling_mode": "uniform_time",
  "smoke": false,
  "train_summary": {
    "num_images": 1350,
    "num_good_images": 1350,
    "num_broken_images": 0,
    "num_patch_samples": 1350,
    "num_patches_per_image": 1
  },
  "val_summary": {
    "num_images": 150,
    "num_good_images": 150,
    "num_broken_images": 0,
    "num_patch_samples": 150,
    "num_patches_per_image": 1
  },
  "test_summary": {
    "num_images": 18,
    "num_good_images": 8,
    "num_broken_images": 10,
    "num_patch_samples": 126,
    "num_patches_per_image": 7
  },
  "scores_csv": "/home/root123/LF/WYM/SteelRailWay/results/baselines_rgb/cam4/stfpm/scores.csv",
  "epochs": 20,
  "lr": 0.0001,
  "best_val_loss": 0.09798601299132172,
  "val_history": [
    2.2091810860131917,
    0.2678034266358928,
    0.28102560400178556,
    0.28121006194698184,
    0.7247634155577735,
    1.1935953925314702,
    0.12912444476234286,
    0.18678643809337364,
    0.3300034635161099,
    0.49874520988056537,
    0.36282260088544144,
    0.35364954104941143,
    0.11259227971497335,
    0.3489084213383888,
    0.3749091380128735,
    0.5674271622770711,
    0.09798601299132172,
    0.29446198555983993,
    0.18814765191391894,
    0.6028058787709788
  ],
  "train_loss_mode": "stfpm"
}