rank,frame_id,label,score
0,20250417_123456_Cam4_00140,1,0.69520998
1,20250417_123456_Cam4_00152,0,0.69375640
2,20250417_123456_Cam4_00079,0,0.68548775
3,20250417_123456_Cam4_00134,0,0.67126548
4,20251112_191827_Cam4_00011,1,0.65984869
5,20250417_123456_Cam4_00162,1,0.65247035
