epoch,loss,gain,bias
1,0.00248141,0.97010803,0.02810618
10,0.00231781,0.81333387,0.03423863
20,0.00231745,0.84767717,0.04271533
30,0.00232227,0.84088564,0.04520024
40,0.00231723,0.84065962,0.04559499
50,0.00231772,0.83902293,0.04409891
60,0.00231466,0.83777362,0.04483480
70,0.00231780,0.84118450,0.04065790
80,0.00230732,0.84016448,0.03398069
90,0.00231201,0.84021145,0.04158830
100,0.00231368,0.84090745,0.04769882
