rank,frame_id,score,label
0,20251112_191827_Cam5_00028,0.10166223,1
1,20251112_191827_Cam5_00095,0.06830622,1
2,20251112_191827_Cam5_00018,0.06751864,1
3,20251112_191827_Cam5_00015,0.04850033,1
4,20251112_191827_Cam5_00006,0.04686913,0
5,20251112_191827_Cam5_00007,0.04640495,1
6,20251112_191827_Cam5_00067,0.02655399,1
7,20251112_191827_Cam5_00123,0.02570371,1
8,20251112_191827_Cam5_00012,0.02551205,0
