epoch,loss
1,0.54308936
10,0.48473041
20,0.47067197
30,0.45637554
40,0.44504476
50,0.44249818
60,0.43480325
70,0.43649228
80,0.42505157
90,0.42212553
100,0.41988155
