rank,score,label
0,0.044972,1
1,0.038368,1
2,0.035721,1
3,0.029773,1
4,0.023357,1
5,0.022462,1
6,0.021476,0
7,0.021094,0
8,0.020888,1
9,0.020140,1
10,0.020045,0
11,0.018559,0
12,0.018519,0
13,0.018446,0
14,0.018329,1
15,0.018134,0
16,0.017726,0
17,0.017378,0
18,0.017087,1
19,0.016345,0
20,0.016238,1
