rank,frame_id,label,score
0,20251112_191827_Cam4_00011,1,0.34145007
1,20250417_123456_Cam4_00140,1,0.32036415
2,20250417_123456_Cam4_00162,1,0.31946382
3,20250417_123456_Cam4_00152,0,0.31671175
4,20250417_123456_Cam4_00079,0,0.31309548
5,20250417_123456_Cam4_00134,0,0.30857742
