rank,frame_id,label,score
0,20250417_123456_Cam4_00162,1,431.57894897
1,20250417_123456_Cam4_00079,0,397.72558594
2,20250417_123456_Cam4_00134,0,394.19171143
3,20251112_191827_Cam4_00011,1,385.39483643
4,20250417_123456_Cam4_00140,1,384.89712524
5,20250417_123456_Cam4_00152,0,358.31451416
