epoch,loss
1,0.55103803
10,0.54696983
20,0.53949937
30,0.53014642
40,0.54230952
50,0.53030238
60,0.51881191
70,0.51979747
80,0.51824322
90,0.51917055
100,0.51254719
